{"data_time": 0.048072635650634764, "time": 0.23520625162124634}