{"data_time": 0.04811414575576782, "time": 0.23617881298065185}