{"data_time": 0.04825947761535645, "time": 0.20083327960968017}