{"data_time": 0.04814101123809814, "time": 0.20051967906951904}