{"data_time": 0.04814485025405884, "time": 0.2367300658226013}