{"data_time": 0.04803234386444092, "time": 0.20049320602416992}