{"data_time": 0.04770409870147705, "time": 0.20036614751815796}