{"data_time": 0.047973623752593994, "time": 0.23517216062545776}