{"data_time": 0.04797134017944336, "time": 0.2002710886001587}