{"data_time": 0.048164501667022706, "time": 0.2001187038421631}