{"data_time": 0.047782874584198, "time": 0.23513483333587645}