{"data_time": 0.0476113805770874, "time": 0.19943969678878784}