{"data_time": 0.04806463813781738, "time": 0.23585368204116822}