{"data_time": 0.04788227081298828, "time": 0.23511994123458863}