{"data_time": 0.04789505481719971, "time": 0.23580842304229738}