{"data_time": 0.048034156322479246, "time": 0.20057355308532715}