{"data_time": 0.04801934289932251, "time": 0.20011282920837403}