{"data_time": 0.06467980098724366, "time": 0.34710605335235595}