{"data_time": 0.04753999948501587, "time": 0.20026319694519043}