{"data_time": 0.04763398170471191, "time": 0.23661054563522338}