{"data_time": 0.06464600658416748, "time": 0.4220218992233276}