{"data_time": 0.047891764163970944, "time": 0.2004862093925476}