{"data_time": 0.04829570102691651, "time": 0.23491483497619628}