{"data_time": 0.04759110021591186, "time": 0.19978240299224853}